齐全,712
好,598
新,353
不错,256
服务,90
完善,70
设备,65
环境,60
很棒,38
干净,25
卫生,23
人性化,19
酒店,18
简洁,16
设备齐全,15
喜欢,14
一应俱全,14
完备,13
位置,13
房间,12
用品,11
新装修,11
早餐,10
全,10
性价比,9
一流,9
满意,9
保护,8
齐备,8
设施,8
配套,8
棒,7
特别,7
真的,7
全新,7
算,7
舒服,6
感觉,6
新颖,6
好好,6
实用,5
简单,5
整洁,5
旧,5
床品,5
价格,5
到位,5
陈旧,5
完美,5
一如既往,5
温馨,5
很新床,5
好离,5
亚朵,4
没得说,4
说,4
新床,4
住,4
星级,4
布置,4
免费,4
条件,4
太,4
简约,3
没话说,3
一般般,3
装修,3
很全,3
整体,3
细节,3
配备,3
质量,3
精致,3
算是,3
舒适,3
超级,3
赞,3
豪华型,3
前台服务,3
比较完善,3
比较简单,3
全季,3
高档,3
床,2
隔音,2
床垫,2
好评,2
应有尽有,2
少,2
好点,2
床上用品,2
美中不足,2
配置,2
设,2
简陋,2
豪华,2
贴心,2
讲究,2
清新,2
洗漱,2
洗浴,2
沙发,2
服务质量,2
惊喜,2
跟不上,2
更是,2
维护,2
软件,2
无可挑剔,2
还行,2
挺不错,2
设计,2
晚上,2
OK,2
倒,2
冰箱,2
不行,2
全有,2
不用说,2
不好,2
健身房,2
体验,2
够用,2
周到,2
值得,2
缺,1
先进,1
稍微,1
稍显,1
自助,1
考量,1
全床,1
简洁明了,1
入住,1
儿童乐园,1
偏,1
老化,1
像是,1
精品,1
科勒,1
索性,1
做,1
统一,1
网,1
稍,1
奢华,1
全该,1
具备,1
水平,1
分布,1
出差,1
出乎意料,1
没说的,1
几个,1
浴缸,1
内饰,1
清爽,1
内涵,1
灯光,1
看得出来,1
具,1
特意,1
特色,1
关键,1
现代感,1
班车,1
用具,1
八九百,1
盘,1
至少,1
目前为止,1
舒适度,1
與,1
三星,1
足够,1
跟得上,1
不敢恭维,1
较全,1
还好,1
还算,1
连锁,1
送,1
不亚于,1
上会,1
七宝,1
超出,1
一贯,1
一股,1
风格,1
餐饮,1
高,1
高大,1
一楼,1
高端,1
高雅,1
taishao,1
超市,1
超,1
信,1
价位,1
比较满意,1
花心思,1
行,1
依旧,1
装潢,1
装璜,1
装饰,1
住亚朵,1
优点,1
设备设计,1
代表性,1
走,1
人性,1
交通,1
调,1
调羹,1
五金,1
五六百,1
豪华酒店,1
之外,1
中规中矩,1
两个,1
到达,1
刺激,1
奈斯,1
希望,1
堪比,1
平心而论,1
城市,1
地面,1
国际化,1
四星级,1
四分,1
廉价,1
开业,1
弄完,1
噪音,1
很新且,1
商业中心,1
很新离,1
很新进,1
品牌,1
很漂亮,1
很足,1
很酷,1
态度,1
品味,1
n,1
恰到好处,1
帮人,1
外围,1
比不上,1
布局,1
好不好,1
好亚朵,1
好大床,1
失望,1
好床,1
太过,1
好理,1
好用,1
太少,1
太好了,1
妈妈,1
大方,1
大堂,1
夜宵,1
客人,1
寝具,1
小时,1
小而精,1
外观,1
崭新,1
差,1
差点,1
市,1
味道,1
想象,1
周边环境,1
成正比,1
反正,1
无气味,1
原木色,1
原因,1
时尚,1
压根,1
印象,1
普普通通,1
更好,1
卫生条件,1
更赞,1
最差,1
有待,1
有种,1
卖,1
服务员,1
匹配,1
包括,1
档次,1
检修,1
前一晚,1
棒棒,1
欠缺,1
旁边,1
口碑,1
新进,1
同等,1
房价,1
周边,1
挑不出,1
挑剔,1
挺大,1
接送,1
摆设,1
放松,1
数一数二,1
名宿,1
整齐清洁,1
只能,1
文艺,1
吃饭,1
新且,1
新以,1
新保安,1
新头,1
新好,1
吃喝玩乐,1
新旧,1
新离,1
总体,1
