好,35
酒店,29
不错,25
下次,11
服务,10
早餐,8
房间,6
前台,5
还会,4
环境,4
亚朵,4
推荐,4
前台服务,3
很棒,3
位置,3
棒,3
特别,3
浦东,2
一如既往,2
干净,2
床品,2
周边,2
极佳,2
感觉,2
真的,2
地铁站,2
谢谢,2
不好,2
住,2
停车场,2
入住,2
值得,2
最棒,1
有事,1
隔音,1
通电话,1
此家,1
更添,1
进,1
极好,1
果一颜沫,1
超赞,1
非常适合,1
颜墨,1
赶上,1
自称,1
每次,1
美丽,1
没想到,1
清明,1
温馨,1
满意,1
点名,1
订,1
看得出来,1
装饰,1
瞬间,1
新,1
礼貌,1
经济,1
花火,1
早,1
总体,1
文艺,1
出行,1
城市,1
地方,1
喜欢,1
名副其实,1
合肥,1
可惜,1
前台服务员,1
创意,1
佳,1
支持,1
会常来,1
价格,1
价位,1
交通,1
两次,1
专业,1
下载,1
上海,1
外滩,1
头天,1
好几家,1
好多,1
携程,1
接送,1
拍照,1
房价,1
感,1
一级,1
性价比,1
忍不住,1
很差,1
床,1
帮,1
差,1
工作人员,1
家人,1
家,1
完美,1
孩子,1
高,1
