好,383
热情,154
态度,127
人员,92
特别,53
周到,33
不错,33
贴心,27
热情周到,23
超级,22
耐心,18
很棒,18
真的,11
超好,10
到位,10
棒,7
亲切,7
nice,6
蜂蜜,5
超赞,5
生,5
一如既往,4
酒店,4
棒棒,3
赞,3
效率,3
超,3
很赞,3
前台,2
好好,2
客房,2
小妹,2
差,2
意识,2
房间,2
体贴,2
前台服务,2
有待,2
服务,2
优秀,2
比肩,2
点赞,2
热心,2
特,2
生都,2
主动,2
笑容,2
细心,2
细致,2
专业,2
超棒,2
一级,2
餐厅,2
好梦希,2
更是,2
好子,1
班车,1
素质,1
号,1
稍微,1
听,1
吹捧,1
生诗语,1
生挺,1
生展,1
书吧,1
五星,1
台服,1
周全,1
热情服务,1
亚朵,1
人性化,1
出乎意料,1
哥哥,1
炒,1
满意,1
湖南,1
紫舒,1
台,1
温水,1
力,1
前提,1
青竹,1
重点,1
一帮,1
配套,1
速度,1
软硬件,1
车妮,1
一流,1
办事效率,1
给力,1
一般般,1
超大,1
不咸不淡,1
不太好,1
不用说,1
质量,1
说,1
南烟,1
两个,1
温馨,1
温暖,1
好来,1
好人,1
忙,1
停车,1
停车场,1
很亲,1
开发票,1
年轻人,1
帅哥美女,1
帅哥,1
差远了,1
巨,1
全,1
小姐姐,1
好像,1
客气,1
好冰洋,1
子鱼,1
妹妹,1
好逸涵,1
好看,1
好办,1
做,1
慕晨,1
没得说,1
大堂,1
水平,1
喜欢,1
因人而异,1
体温,1
梦希,1
核实,1
极差,1
朵儿,1
够,1
有个,1
女孩,1
大方,1
更好,1
暖心,1
晏,1
早餐,1
无懈可击,1
奈斯,1
接待,1
打扫卫生,1
鹿角,1
